match_id,player_id,player_name,date,game,map,result,kills,deaths,assists,damage,score,placement,match_duration,headshots
M1000,P_ALEX_001,Alex,2026-05-17 13:49,Valorant,Ascent,WIN,16,5,7,2741,224,2,37,6
M1001,P_ALEX_001,Alex,2026-05-19 13:49,Valorant,Breeze,LOSS,15,11,5,2345,172,4,33,4
M1002,P_ALEX_001,Alex,2026-05-18 13:49,Valorant,Split,WIN,18,12,5,2849,248,3,27,5
M1003,P_ALEX_001,Alex,2026-05-19 13:49,Valorant,Bind,WIN,25,9,3,3881,383,3,33,4
M1004,P_ALEX_001,Alex,2026-05-21 13:49,Valorant,Bind,WIN,14,12,8,2328,192,4,39,3
M1005,P_ALEX_001,Alex,2026-05-21 13:49,Valorant,Icebox,LOSS,11,14,7,1941,143,9,22,3
M1006,P_ALEX_001,Alex,2026-05-23 13:49,Valorant,Breeze,WIN,27,23,0,3867,349,3,29,4
M1007,P_ALEX_001,Alex,2026-05-23 13:49,Valorant,Bind,WIN,22,14,4,3278,314,1,34,6
M1008,P_ALEX_001,Alex,2026-05-26 13:49,Valorant,Bind,LOSS,11,14,3,1743,146,7,44,3
M1009,P_ALEX_001,Alex,2026-05-25 13:49,Valorant,Split,WIN,16,11,5,2605,280,1,43,5
M1010,P_ALEX_001,Alex,2026-05-26 13:49,Valorant,Haven,WIN,12,4,5,1903,195,3,30,4
M1011,P_ALEX_001,Alex,2026-05-28 13:49,Valorant,Ascent,WIN,14,13,3,2103,175,5,42,6
M1012,P_ALEX_001,Alex,2026-05-30 13:49,Valorant,Haven,WIN,20,12,9,3262,350,1,45,4
M1013,P_ALEX_001,Alex,2026-05-29 13:49,Valorant,Icebox,DRAW,1,26,5,500,30,6,33,0
M1014,P_ALEX_001,Alex,2026-06-01 13:49,Valorant,Split,LOSS,4,13,0,606,53,9,37,1
M1015,P_ALEX_001,Alex,2026-05-31 13:49,Valorant,Bind,LOSS,9,14,10,1764,121,9,35,1
M1016,P_ALEX_001,Alex,2026-06-01 13:49,Valorant,Split,LOSS,8,12,5,1268,97,5,32,3
M1017,P_ALEX_001,Alex,2026-06-02 13:49,Valorant,Icebox,WIN,17,7,6,2719,266,3,49,4
M1018,P_ALEX_001,Alex,2026-06-03 13:49,Valorant,Breeze,LOSS,8,18,5,1303,99,8,34,1
M1019,P_ALEX_001,Alex,2026-06-04 13:49,Valorant,Bind,WIN,8,16,6,1241,113,5,39,2
M1020,P_ALEX_001,Alex,2026-06-06 13:49,Valorant,Breeze,DRAW,27,17,2,3909,304,2,46,11
M1021,P_ALEX_001,Alex,2026-06-08 13:49,Valorant,Breeze,WIN,14,9,2,2037,215,1,30,6
M1022,P_ALEX_001,Alex,2026-06-08 13:49,Valorant,Haven,LOSS,19,21,3,2730,219,9,24,8
M1023,P_ALEX_001,Alex,2026-06-09 13:49,Valorant,Ascent,LOSS,8,6,10,1603,106,1,32,2
M1024,P_ALEX_001,Alex,2026-06-11 13:49,Valorant,Icebox,LOSS,14,14,5,2282,184,5,37,5
M1025,P_ALEX_001,Alex,2026-06-10 13:49,Valorant,Haven,LOSS,19,24,10,3297,244,10,41,4
M1026,P_ALEX_001,Alex,2026-06-12 13:49,Valorant,Split,LOSS,10,9,5,1650,136,8,7,3
M1027,P_ALEX_001,Alex,2026-06-14 13:49,Valorant,Haven,WIN,15,10,4,2396,215,1,45,5
M1028,P_ALEX_001,Alex,2026-06-13 13:49,Valorant,Breeze,LOSS,15,13,5,2404,201,10,28,5
M1029,P_ALEX_001,Alex,2026-06-14 13:49,Valorant,Bind,LOSS,11,9,5,1982,145,1,23,2
M1030,P_ALEX_001,Alex,2026-06-17 13:49,Valorant,Haven,WIN,9,6,4,1525,146,3,26,2
M1031,P_ALEX_001,Alex,2026-06-16 13:49,Valorant,Breeze,WIN,26,14,6,4047,368,2,37,6
M1032,P_ALEX_001,Alex,2026-06-19 13:49,Valorant,Ascent,WIN,16,7,4,2397,264,2,25,2
M1033,P_ALEX_001,Alex,2026-06-18 13:49,Valorant,Haven,LOSS,11,14,1,1518,139,6,35,4
M1034,P_ALEX_001,Alex,2026-06-21 13:49,Valorant,Haven,WIN,21,7,7,3366,282,2,48,3
M1035,P_ALEX_001,Alex,2026-06-20 13:49,Valorant,Icebox,WIN,11,19,4,2082,170,5,43,2
M1036,P_ALEX_001,Alex,2026-06-21 13:49,Valorant,Icebox,WIN,17,9,8,2847,220,1,32,4
M1037,P_ALEX_001,Alex,2026-06-22 13:49,Valorant,Icebox,LOSS,2,10,0,500,37,8,39,0
M1038,P_ALEX_001,Alex,2026-06-24 13:49,Valorant,Haven,LOSS,10,17,0,1509,115,9,30,2
M1039,P_ALEX_001,Alex,2026-06-26 13:49,Valorant,Breeze,WIN,19,6,1,2879,316,2,36,3
M1040,P_ALEX_001,Alex,2026-06-25 13:49,Valorant,Bind,WIN,17,14,11,3121,268,2,40,5
M1041,P_ALEX_001,Alex,2026-06-27 13:49,Valorant,Bind,LOSS,19,19,2,2732,231,7,37,3
M1042,P_ALEX_001,Alex,2026-06-28 13:49,Valorant,Haven,WIN,16,3,0,2342,260,3,43,5
M1043,P_ALEX_001,Alex,2026-06-28 13:49,Valorant,Haven,WIN,16,12,7,2651,283,2,35,2
M1044,P_ALEX_001,Alex,2026-06-29 13:49,Valorant,Bind,LOSS,4,15,3,672,50,7,37,1
M1045,P_ALEX_001,Alex,2026-07-02 13:49,Valorant,Ascent,LOSS,8,16,11,1630,121,9,45,1
M1046,P_ALEX_001,Alex,2026-07-02 13:49,Valorant,Split,WIN,10,7,4,1712,140,3,20,3
M1047,P_ALEX_001,Alex,2026-07-02 13:49,Valorant,Icebox,LOSS,25,5,2,3778,304,1,53,4
M1048,P_ALEX_001,Alex,2026-07-05 13:49,Valorant,Split,LOSS,19,14,9,3200,272,2,45,3
M1049,P_ALEX_001,Alex,2026-07-04 13:49,Valorant,Split,LOSS,5,15,3,946,70,6,45,1
M1050,P_ALEX_001,Alex,2026-07-07 13:49,Valorant,Split,WIN,16,14,5,2628,211,4,32,5
M1051,P_ALEX_001,Alex,2026-07-07 13:49,Valorant,Ascent,WIN,13,15,3,2041,162,4,38,2
M1052,P_ALEX_001,Alex,2026-07-07 13:49,Valorant,Ascent,DRAW,13,8,2,1963,150,4,35,4
M1053,P_ALEX_001,Alex,2026-07-09 13:49,Valorant,Bind,WIN,20,15,8,3321,307,1,29,8
M1054,P_ALEX_001,Alex,2026-07-09 13:49,Valorant,Ascent,WIN,25,14,7,3937,387,2,34,6
M1055,P_ALEX_001,Alex,2026-07-10 13:49,Valorant,Split,WIN,22,8,1,3145,275,1,29,9
M1056,P_ALEX_001,Alex,2026-07-11 13:49,Valorant,Icebox,WIN,12,22,12,2285,212,5,30,3
M1057,P_ALEX_001,Alex,2026-07-12 13:49,Valorant,Bind,WIN,15,15,8,2565,258,4,44,4
M1058,P_ALEX_001,Alex,2026-07-13 13:49,Valorant,Split,WIN,19,7,3,2913,248,3,23,6
M1059,P_ALEX_001,Alex,2026-07-14 13:49,Valorant,Haven,WIN,19,15,2,2837,236,2,35,4
M1060,P_ALEX_001,Alex,2026-07-15 13:49,Valorant,Breeze,LOSS,12,9,10,2234,157,4,36,3
M1061,P_ALEX_001,Alex,2026-07-16 13:49,Valorant,Haven,WIN,15,16,5,2459,264,5,32,6
M1062,P_ALEX_001,Alex,2026-07-17 13:49,Valorant,Icebox,LOSS,9,19,7,1602,121,7,29,2
M1063,P_ALEX_001,Alex,2026-07-20 13:49,Valorant,Breeze,WIN,10,8,0,1544,135,1,32,4
M1064,P_ALEX_001,Alex,2026-07-20 13:49,Valorant,Split,LOSS,23,18,11,3552,301,1,24,7
M1065,P_ALEX_001,Alex,2026-07-21 13:49,Valorant,Split,LOSS,22,15,3,3354,255,2,39,6
M1066,P_ALEX_001,Alex,2026-07-23 13:49,Valorant,Bind,LOSS,12,17,4,1853,148,9,47,4
M1067,P_ALEX_001,Alex,2026-07-22 13:49,Valorant,Haven,LOSS,23,23,9,3556,302,8,24,10
M1068,P_ALEX_001,Alex,2026-07-25 13:49,Valorant,Breeze,WIN,19,10,3,2750,306,3,39,5
M1069,P_ALEX_001,Alex,2026-07-26 13:49,Valorant,Icebox,WIN,14,10,0,1855,193,3,34,5
M1070,P_JETT_002,Jett_Main_TTV,2026-07-25 13:49,Valorant,Haven,WIN,17,9,6,2631,210,1,48,5
M1071,P_JETT_002,Jett_Main_TTV,2026-07-26 13:49,Valorant,Split,WIN,24,9,2,3619,321,2,39,4
M1072,P_JETT_002,Jett_Main_TTV,2026-07-28 13:49,Valorant,Ascent,LOSS,14,13,6,2401,184,10,45,5
M1073,P_JETT_002,Jett_Main_TTV,2026-07-28 13:49,Valorant,Breeze,WIN,24,15,7,3821,321,1,40,4
M1074,P_JETT_002,Jett_Main_TTV,2026-07-31 13:49,Valorant,Haven,LOSS,0,15,1,500,26,7,34,0
M1075,P_JETT_002,Jett_Main_TTV,2026-07-30 13:49,Valorant,Bind,WIN,19,18,7,3163,253,5,30,6
M1076,P_JETT_002,Jett_Main_TTV,2026-07-31 13:49,Valorant,Bind,WIN,15,14,5,2501,206,5,36,5
M1077,P_JETT_002,Jett_Main_TTV,2026-08-02 13:49,Valorant,Haven,LOSS,13,21,9,2026,171,7,40,5
M1078,P_JETT_002,Jett_Main_TTV,2026-08-02 13:49,Valorant,Split,LOSS,15,12,5,2506,200,3,30,4
M1079,P_JETT_002,Jett_Main_TTV,2026-08-04 13:49,Valorant,Breeze,LOSS,3,27,9,672,44,5,20,0
M1080,P_JETT_002,Jett_Main_TTV,2026-08-06 13:49,Valorant,Bind,LOSS,13,17,6,2229,188,9,34,3
M1081,P_JETT_002,Jett_Main_TTV,2026-08-07 13:49,Valorant,Breeze,WIN,17,9,5,2626,216,3,41,7
M1082,P_JETT_002,Jett_Main_TTV,2026-08-06 13:49,Valorant,Breeze,DRAW,23,8,1,3418,285,4,36,7
M1083,P_JETT_002,Jett_Main_TTV,2026-08-08 13:49,Valorant,Icebox,LOSS,11,16,6,1802,155,6,30,4
M1084,P_JETT_002,Jett_Main_TTV,2026-08-08 13:49,Valorant,Split,LOSS,10,12,9,1798,139,7,29,3
M1085,P_JETT_002,Jett_Main_TTV,2026-08-09 13:49,Valorant,Haven,LOSS,11,17,2,1601,135,7,36,2
M1086,P_JETT_002,Jett_Main_TTV,2026-08-10 13:49,Valorant,Split,WIN,20,16,6,3278,334,3,35,8
M1087,P_JETT_002,Jett_Main_TTV,2026-08-11 13:49,Valorant,Icebox,WIN,16,13,3,2107,220,2,28,5
M1088,P_JETT_002,Jett_Main_TTV,2026-08-12 13:49,Valorant,Ascent,LOSS,11,9,5,1993,149,1,32,2
M1089,P_JETT_002,Jett_Main_TTV,2026-08-15 13:49,Valorant,Bind,LOSS,18,6,4,2698,212,2,39,5
M1090,P_JETT_002,Jett_Main_TTV,2026-08-16 13:49,Valorant,Bind,LOSS,15,11,3,2227,167,2,38,4
M1091,P_JETT_002,Jett_Main_TTV,2026-08-15 13:49,Valorant,Haven,DRAW,20,18,6,3251,280,6,23,6
M1092,P_JETT_002,Jett_Main_TTV,2026-08-17 13:49,Valorant,Split,WIN,10,15,3,1518,158,5,25,3
M1093,P_JETT_002,Jett_Main_TTV,2026-08-18 13:49,Valorant,Breeze,LOSS,13,7,3,2071,180,4,30,2
M1094,P_JETT_002,Jett_Main_TTV,2026-08-20 13:49,Valorant,Ascent,WIN,12,14,8,1948,181,5,37,1
M1095,P_JETT_002,Jett_Main_TTV,2026-08-20 13:49,Valorant,Icebox,LOSS,6,15,3,992,82,6,18,1
M1096,P_JETT_002,Jett_Main_TTV,2026-08-22 13:49,Valorant,Ascent,WIN,16,9,5,2661,246,2,29,3
M1097,P_JETT_002,Jett_Main_TTV,2026-08-21 13:49,Valorant,Haven,LOSS,16,14,7,2678,207,10,36,6
M1098,P_JETT_002,Jett_Main_TTV,2026-08-23 13:49,Valorant,Split,LOSS,15,14,1,2103,185,9,37,5
M1099,P_JETT_002,Jett_Main_TTV,2026-08-24 13:49,Valorant,Split,WIN,13,8,4,2115,189,3,34,3
