match_id,player_id,player_name,date,game,map,result,kills,deaths,assists,damage,score,placement,match_duration,headshots,primary_weapon
M1000,P_ALEX_001,Alex_Main,2026-09-26 12:05,Valorant,Haven,LOSS,19,20,13,3375,272,8,29,9,Judge
M1001,P_AIM_003,AimBot_99,2026-09-08 10:05,Apex Legends,Storm Point,WIN,22,22,10,5023,374,1,36,9,Flatline
M1002,P_JETT_002,Jett_TTV,2026-06-20 20:05,CS2,Ancient,WIN,20,6,8,3297,335,2,25,10,Desert Eagle
M1003,P_ALEX_001,Alex_Main,2026-08-05 23:05,CS2,Vertigo,LOSS,26,18,9,4041,354,2,31,13,MAC-10
M1004,P_JETT_002,Jett_TTV,2026-08-30 19:05,CS2,Overpass,WIN,14,11,18,2874,249,2,33,6,Desert Eagle
M1005,P_JETT_002,Jett_TTV,2026-06-13 00:05,Valorant,Haven,LOSS,14,12,13,2762,208,6,48,6,Phantom
M1006,P_JETT_002,Jett_TTV,2026-07-06 21:05,CS2,Inferno,WIN,27,11,5,4257,347,3,46,5,MAC-10
M1007,P_AIM_003,AimBot_99,2026-07-02 13:05,Valorant,Ascent,WIN,33,4,0,4781,430,2,39,9,Sheriff
M1008,P_JETT_002,Jett_TTV,2026-08-15 06:05,Valorant,Icebox,WIN,12,15,8,2111,191,3,18,4,Sheriff
M1009,P_AIM_003,AimBot_99,2026-07-17 11:05,CS2,Dust II,WIN,27,7,10,4242,384,1,41,9,Desert Eagle
M1010,P_ALEX_001,Alex_Main,2026-08-19 03:05,Fortnite,Ranked,LOSS,12,16,9,2839,178,52,55,2,SMG
M1011,P_AIM_003,AimBot_99,2026-08-09 00:05,Valorant,Pearl,WIN,21,12,5,3198,282,3,39,8,Phantom
M1012,P_NOOB_004,CasualGamer,2026-08-11 07:05,Apex Legends,Storm Point,WIN,15,17,6,3375,285,1,24,6,Flatline
M1013,P_JETT_002,Jett_TTV,2026-06-20 12:05,Valorant,Split,LOSS,2,9,8,644,45,9,38,0,Phantom
M1014,P_AIM_003,AimBot_99,2026-07-19 16:05,CS2,Ancient,WIN,13,7,8,2315,243,2,33,3,Desert Eagle
M1015,P_JETT_002,Jett_TTV,2026-07-23 09:05,CS2,Vertigo,LOSS,12,19,6,2116,152,6,57,4,AK-47
M1016,P_JETT_002,Jett_TTV,2026-08-21 07:05,PUBG,Erangel,LOSS,8,18,8,1325,103,35,18,2,Kar98k
M1017,P_JETT_002,Jett_TTV,2026-09-08 19:05,PUBG,Vikendi,WIN,18,9,6,2561,240,1,35,9,Kar98k
M1018,P_NOOB_004,CasualGamer,2026-09-17 13:05,Valorant,Icebox,LOSS,2,20,5,420,30,10,44,0,Judge
M1019,P_JETT_002,Jett_TTV,2026-09-02 16:05,PUBG,Erangel,LOSS,6,19,3,757,61,83,32,2,UMP45
M1020,P_ALEX_001,Alex_Main,2026-09-20 00:05,PUBG,Taego,WIN,26,4,5,3424,393,1,39,5,Beryl M762
M1021,P_JETT_002,Jett_TTV,2026-07-15 06:05,Apex Legends,Broken Moon,LOSS,14,18,0,2857,228,51,46,7,R-301
M1022,P_ALEX_001,Alex_Main,2026-08-15 20:05,PUBG,Miramar,LOSS,16,11,7,2324,196,37,32,3,Kar98k
M1023,P_AIM_003,AimBot_99,2026-08-07 21:05,CS2,Vertigo,WIN,16,13,1,2259,187,2,27,6,AK-47
M1024,P_ALEX_001,Alex_Main,2026-06-15 19:05,Apex Legends,Storm Point,LOSS,12,10,0,2203,170,33,40,3,Peacekeeper
M1025,P_ALEX_001,Alex_Main,2026-08-04 18:05,Fortnite,Arena,WIN,16,4,12,3630,359,1,27,7,Assault Rifle
M1026,P_ALEX_001,Alex_Main,2026-09-25 01:05,Apex Legends,Storm Point,WIN,7,5,0,1437,137,1,51,2,Peacekeeper
M1027,P_JETT_002,Jett_TTV,2026-09-21 06:05,Fortnite,Battle Royale,WIN,18,15,7,3816,271,1,41,8,Tactical Shotgun
M1028,P_ALEX_001,Alex_Main,2026-06-08 07:05,Fortnite,Arena,LOSS,11,16,2,2368,167,79,43,5,Tactical Shotgun
M1029,P_JETT_002,Jett_TTV,2026-07-30 12:05,Valorant,Icebox,WIN,13,9,3,1913,201,3,26,3,Sheriff
M1030,P_AIM_003,AimBot_99,2026-08-19 20:05,Valorant,Bind,WIN,17,14,7,2727,245,2,9,6,Sheriff
M1031,P_JETT_002,Jett_TTV,2026-07-17 03:05,Apex Legends,Olympus,WIN,28,5,6,5816,555,1,44,6,Kraber
M1032,P_JETT_002,Jett_TTV,2026-08-23 17:05,Fortnite,Zero Build,LOSS,15,14,0,2979,240,89,28,5,Assault Rifle
M1033,P_ALEX_001,Alex_Main,2026-09-13 05:05,CS2,Anubis,DRAW,8,7,8,1525,112,9,40,4,MAC-10
M1034,P_ALEX_001,Alex_Main,2026-09-22 05:05,Fortnite,Ranked,WIN,21,11,6,4447,401,1,21,4,Tactical Shotgun
M1035,P_ALEX_001,Alex_Main,2026-08-24 06:05,Apex Legends,World's Edge,LOSS,7,15,7,1645,113,13,43,2,Peacekeeper
M1036,P_ALEX_001,Alex_Main,2026-07-03 01:05,Valorant,Icebox,WIN,17,9,9,2912,267,3,21,5,Sheriff
M1037,P_AIM_003,AimBot_99,2026-07-10 05:05,PUBG,Taego,LOSS,11,9,5,1583,120,6,48,2,Beryl M762
M1038,P_JETT_002,Jett_TTV,2026-07-13 15:05,Valorant,Icebox,LOSS,6,21,5,1052,82,9,23,1,Judge
M1039,P_AIM_003,AimBot_99,2026-08-06 15:05,Apex Legends,Kings Canyon,WIN,26,8,5,5359,542,1,45,12,Flatline
M1040,P_JETT_002,Jett_TTV,2026-07-23 00:05,Apex Legends,Storm Point,LOSS,21,20,0,4173,278,97,34,3,Peacekeeper
M1041,P_AIM_003,AimBot_99,2026-08-13 12:05,Valorant,Lotus,WIN,29,6,7,4386,437,3,25,13,Operator
M1042,P_JETT_002,Jett_TTV,2026-07-06 00:05,Apex Legends,Storm Point,WIN,15,18,6,3294,310,1,26,2,Kraber
M1043,P_ALEX_001,Alex_Main,2026-09-16 15:05,Fortnite,Battle Royale,LOSS,13,23,2,2835,200,20,52,2,Sniper Rifle
M1044,P_JETT_002,Jett_TTV,2026-09-12 20:05,Valorant,Lotus,WIN,5,1,0,822,76,1,34,0,Operator
M1045,P_JETT_002,Jett_TTV,2026-08-18 15:05,CS2,Dust II,LOSS,10,10,14,2110,141,9,18,5,AK-47
M1046,P_JETT_002,Jett_TTV,2026-08-12 05:05,Valorant,Lotus,LOSS,12,18,10,2111,160,9,29,5,Operator
M1047,P_ALEX_001,Alex_Main,2026-09-04 16:05,Apex Legends,Broken Moon,WIN,23,13,7,5062,396,1,30,8,Wingman
M1048,P_JETT_002,Jett_TTV,2026-06-27 12:05,Fortnite,Battle Royale,LOSS,18,17,11,4119,295,74,26,9,Pump Shotgun
M1049,P_ALEX_001,Alex_Main,2026-08-06 01:05,PUBG,Sanhok,LOSS,3,11,3,397,33,95,49,1,Kar98k
M1050,P_AIM_003,AimBot_99,2026-06-26 18:05,Valorant,Ascent,WIN,27,13,10,4443,357,3,52,13,Phantom
M1051,P_JETT_002,Jett_TTV,2026-07-07 18:05,Valorant,Pearl,WIN,13,14,4,2024,191,3,23,5,Judge
M1052,P_JETT_002,Jett_TTV,2026-07-19 17:05,Apex Legends,Broken Moon,WIN,11,22,12,2896,277,1,25,4,Flatline
M1053,P_ALEX_001,Alex_Main,2026-07-03 08:05,PUBG,Sanhok,WIN,20,16,7,2672,267,1,26,3,UMP45
M1054,P_NOOB_004,CasualGamer,2026-08-03 13:05,Fortnite,Battle Royale,WIN,21,25,10,4708,352,1,53,4,Assault Rifle
M1055,P_ALEX_001,Alex_Main,2026-07-26 18:05,Valorant,Ascent,WIN,22,12,12,3772,361,2,36,5,Judge
M1056,P_JETT_002,Jett_TTV,2026-08-10 09:05,CS2,Anubis,WIN,10,12,9,1997,192,5,51,4,MAC-10
M1057,P_JETT_002,Jett_TTV,2026-07-03 09:05,Valorant,Pearl,WIN,13,12,4,2100,181,5,36,3,Sheriff
M1058,P_ALEX_001,Alex_Main,2026-09-26 17:05,Valorant,Breeze,WIN,18,17,4,2861,233,5,36,5,Phantom
M1059,P_AIM_003,AimBot_99,2026-08-06 02:05,Valorant,Lotus,WIN,30,7,1,4465,373,2,35,13,Operator
M1060,P_ALEX_001,Alex_Main,2026-06-06 22:05,Apex Legends,Storm Point,DRAW,12,16,0,2641,185,70,27,5,Wingman
M1061,P_JETT_002,Jett_TTV,2026-07-25 21:05,Valorant,Bind,LOSS,14,27,2,2091,186,6,36,2,Sheriff
M1062,P_JETT_002,Jett_TTV,2026-08-05 13:05,Valorant,Bind,LOSS,8,20,4,1541,110,10,44,1,Vandal
M1063,P_NOOB_004,CasualGamer,2026-07-03 09:05,PUBG,Erangel,LOSS,2,17,3,491,32,88,27,1,UMP45
M1064,P_ALEX_001,Alex_Main,2026-07-06 05:05,CS2,Inferno,LOSS,21,22,5,3197,282,6,25,8,Desert Eagle
M1065,P_ALEX_001,Alex_Main,2026-09-24 08:05,CS2,Nuke,WIN,25,12,5,3667,340,1,37,6,Desert Eagle
M1066,P_ALEX_001,Alex_Main,2026-09-25 18:05,Fortnite,Zero Build,WIN,15,2,14,3447,304,1,60,2,Pump Shotgun
M1067,P_AIM_003,AimBot_99,2026-09-12 10:05,PUBG,Taego,DRAW,33,5,6,4232,341,46,49,17,Mini14
M1068,P_ALEX_001,Alex_Main,2026-08-04 11:05,Fortnite,Zero Build,WIN,18,3,10,4308,343,1,39,3,SMG
M1069,P_NOOB_004,CasualGamer,2026-09-04 23:05,Fortnite,Ranked,LOSS,9,19,5,2098,136,99,29,2,Sniper Rifle
M1070,P_ALEX_001,Alex_Main,2026-06-17 12:05,PUBG,Sanhok,WIN,18,15,6,2472,207,1,54,8,Mini14
M1071,P_AIM_003,AimBot_99,2026-08-01 20:05,Valorant,Ascent,LOSS,32,22,0,4548,412,4,40,5,Sheriff
M1072,P_JETT_002,Jett_TTV,2026-07-16 05:05,Apex Legends,Kings Canyon,LOSS,15,16,3,3279,231,85,41,2,Peacekeeper
M1073,P_JETT_002,Jett_TTV,2026-08-29 04:05,Fortnite,Arena,WIN,26,13,3,5322,443,1,25,9,SMG
M1074,P_NOOB_004,CasualGamer,2026-07-11 10:05,Valorant,Split,LOSS,0,27,5,267,13,10,36,0,Vandal
M1075,P_NOOB_004,CasualGamer,2026-09-03 14:05,PUBG,Sanhok,WIN,19,7,7,2518,252,1,55,3,Mini14
M1076,P_ALEX_001,Alex_Main,2026-08-09 07:05,CS2,Mirage,WIN,16,16,8,2832,221,4,44,8,AWP
M1077,P_ALEX_001,Alex_Main,2026-06-24 20:05,PUBG,Vikendi,LOSS,13,19,12,2185,164,78,28,3,Kar98k
M1078,P_JETT_002,Jett_TTV,2026-09-04 04:05,PUBG,Erangel,WIN,16,6,1,1955,188,1,51,6,UMP45
M1079,P_ALEX_001,Alex_Main,2026-08-09 14:05,Apex Legends,Broken Moon,LOSS,2,21,11,870,55,97,10,0,Kraber
M1080,P_JETT_002,Jett_TTV,2026-09-19 20:05,Apex Legends,World's Edge,WIN,14,17,4,2760,282,1,20,5,Flatline
M1081,P_JETT_002,Jett_TTV,2026-07-10 02:05,CS2,Mirage,WIN,18,12,0,2725,260,1,36,5,MAC-10
M1082,P_JETT_002,Jett_TTV,2026-07-31 12:05,Apex Legends,Olympus,WIN,26,18,2,5271,481,1,36,4,R-301
M1083,P_ALEX_001,Alex_Main,2026-08-03 07:05,CS2,Dust II,LOSS,12,28,9,2008,151,9,16,3,MAC-10
M1084,P_ALEX_001,Alex_Main,2026-08-28 05:05,PUBG,Vikendi,WIN,10,16,8,1601,134,1,43,4,Beryl M762
M1085,P_ALEX_001,Alex_Main,2026-07-20 10:05,Apex Legends,Broken Moon,LOSS,12,16,1,2496,198,83,33,3,R-301
M1086,P_ALEX_001,Alex_Main,2026-10-01 06:05,Apex Legends,World's Edge,WIN,22,12,4,4549,434,1,47,12,R-301
M1087,P_JETT_002,Jett_TTV,2026-09-09 17:05,Apex Legends,Olympus,LOSS,18,9,6,3852,257,32,27,6,R-301
M1088,P_AIM_003,AimBot_99,2026-08-01 00:05,Apex Legends,Storm Point,LOSS,19,17,2,3781,275,41,37,9,Kraber
M1089,P_ALEX_001,Alex_Main,2026-08-27 16:05,Apex Legends,Storm Point,WIN,19,9,7,4273,400,1,42,4,Peacekeeper
M1090,P_ALEX_001,Alex_Main,2026-06-23 22:05,Fortnite,Battle Royale,WIN,16,15,6,3259,330,1,47,6,Sniper Rifle
M1091,P_ALEX_001,Alex_Main,2026-06-19 04:05,Valorant,Bind,WIN,22,12,6,3349,296,3,35,6,Judge
M1092,P_ALEX_001,Alex_Main,2026-07-27 18:05,PUBG,Taego,LOSS,11,17,5,1567,129,27,19,3,Beryl M762
M1093,P_ALEX_001,Alex_Main,2026-06-12 02:05,Apex Legends,Storm Point,LOSS,13,17,0,2663,205,41,40,5,Wingman
M1094,P_ALEX_001,Alex_Main,2026-09-16 20:05,Valorant,Split,LOSS,13,21,0,1959,154,7,38,3,Operator
M1095,P_AIM_003,AimBot_99,2026-07-31 02:05,Apex Legends,World's Edge,LOSS,12,9,4,2511,174,37,39,6,Flatline
M1096,P_JETT_002,Jett_TTV,2026-08-12 17:05,CS2,Dust II,LOSS,18,13,3,2752,242,2,35,3,Desert Eagle
M1097,P_JETT_002,Jett_TTV,2026-08-13 02:05,CS2,Ancient,WIN,17,9,8,2888,222,3,27,6,AWP
M1098,P_NOOB_004,CasualGamer,2026-09-02 00:05,CS2,Nuke,LOSS,10,17,5,1660,142,5,40,4,Desert Eagle
M1099,P_ALEX_001,Alex_Main,2026-09-09 20:05,CS2,Vertigo,LOSS,14,17,0,2037,162,8,45,6,AWP
M1100,P_ALEX_001,Alex_Main,2026-06-21 15:05,Fortnite,Arena,WIN,6,19,3,1420,118,1,40,1,SMG
M1101,P_AIM_003,AimBot_99,2026-06-23 12:05,Apex Legends,World's Edge,WIN,20,6,8,4338,371,1,26,6,Kraber
M1102,P_ALEX_001,Alex_Main,2026-07-29 10:05,Valorant,Split,LOSS,13,20,6,2215,188,6,41,2,Judge
M1103,P_JETT_002,Jett_TTV,2026-09-03 02:05,Valorant,Bind,LOSS,10,23,9,1937,138,5,33,3,Operator
M1104,P_ALEX_001,Alex_Main,2026-09-01 05:05,Valorant,Haven,LOSS,14,17,3,2223,166,6,53,2,Vandal
M1105,P_ALEX_001,Alex_Main,2026-07-13 11:05,PUBG,Vikendi,LOSS,18,26,10,2633,209,68,48,8,UMP45
M1106,P_JETT_002,Jett_TTV,2026-07-14 00:05,Valorant,Bind,WIN,29,10,2,4388,482,2,42,11,Phantom
M1107,P_JETT_002,Jett_TTV,2026-08-13 10:05,CS2,Ancient,LOSS,17,7,9,2888,222,4,24,8,MAC-10
M1108,P_JETT_002,Jett_TTV,2026-07-10 02:05,CS2,Anubis,WIN,17,4,3,2634,287,3,39,3,Desert Eagle
M1109,P_AIM_003,AimBot_99,2026-06-24 01:05,Valorant,Lotus,WIN,20,18,9,3200,313,3,45,3,Sheriff
M1110,P_NOOB_004,CasualGamer,2026-08-09 23:05,Apex Legends,World's Edge,LOSS,0,26,4,212,10,40,26,0,Peacekeeper
M1111,P_JETT_002,Jett_TTV,2026-06-17 11:05,PUBG,Taego,LOSS,15,14,11,2221,191,12,30,4,UMP45
M1112,P_ALEX_001,Alex_Main,2026-06-22 23:05,PUBG,Erangel,LOSS,16,16,10,2421,190,53,37,3,Mini14
M1113,P_AIM_003,AimBot_99,2026-08-04 17:05,PUBG,Miramar,WIN,46,4,3,5732,502,1,10,24,Kar98k
M1114,P_AIM_003,AimBot_99,2026-09-21 07:05,CS2,Anubis,WIN,26,24,5,4014,321,3,26,10,AK-47
M1115,P_JETT_002,Jett_TTV,2026-06-21 20:05,Apex Legends,Kings Canyon,LOSS,18,15,8,3977,270,95,37,3,Kraber
M1116,P_AIM_003,AimBot_99,2026-06-19 13:05,Fortnite,Zero Build,DRAW,26,10,6,5493,391,23,22,5,Sniper Rifle
M1117,P_ALEX_001,Alex_Main,2026-08-17 03:05,Valorant,Icebox,LOSS,7,19,3,1240,97,7,35,3,Judge
M1118,P_ALEX_001,Alex_Main,2026-09-06 21:05,PUBG,Erangel,LOSS,23,17,10,3321,273,42,24,12,M416
M1119,P_ALEX_001,Alex_Main,2026-06-30 20:05,Apex Legends,Kings Canyon,LOSS,21,16,5,4490,300,11,36,4,Wingman
M1120,P_ALEX_001,Alex_Main,2026-08-02 11:05,CS2,Overpass,DRAW,21,10,4,3283,261,3,9,11,MAC-10
M1121,P_ALEX_001,Alex_Main,2026-06-29 19:05,CS2,Nuke,LOSS,9,17,5,1572,116,6,35,3,M4A4
M1122,P_ALEX_001,Alex_Main,2026-06-21 21:05,Apex Legends,World's Edge,LOSS,25,26,7,5420,383,37,41,5,Peacekeeper
M1123,P_JETT_002,Jett_TTV,2026-06-06 21:05,PUBG,Taego,LOSS,6,23,0,719,67,18,30,1,Kar98k
M1124,P_NOOB_004,CasualGamer,2026-10-02 10:05,Valorant,Icebox,LOSS,16,30,5,2478,217,6,16,7,Vandal
M1125,P_NOOB_004,CasualGamer,2026-09-12 20:05,Valorant,Haven,WIN,29,14,12,4789,426,3,26,10,Operator
M1126,P_ALEX_001,Alex_Main,2026-06-11 03:05,PUBG,Taego,LOSS,9,9,9,1470,111,30,41,4,Mini14
M1127,P_ALEX_001,Alex_Main,2026-06-26 18:05,Valorant,Lotus,LOSS,12,14,8,2057,162,8,35,3,Operator
M1128,P_JETT_002,Jett_TTV,2026-09-10 10:05,Valorant,Haven,WIN,16,15,9,2799,266,4,36,4,Judge
M1129,P_ALEX_001,Alex_Main,2026-07-11 20:05,Valorant,Breeze,DRAW,12,21,10,2123,148,10,35,1,Vandal
M1130,P_AIM_003,AimBot_99,2026-07-17 07:05,Valorant,Split,WIN,15,1,10,2707,268,2,46,7,Sheriff
M1131,P_NOOB_004,CasualGamer,2026-06-29 13:05,PUBG,Taego,WIN,14,29,2,1919,161,1,29,3,UMP45
M1132,P_JETT_002,Jett_TTV,2026-07-07 21:05,CS2,Anubis,LOSS,8,14,2,1283,111,5,26,4,Desert Eagle
M1133,P_JETT_002,Jett_TTV,2026-09-27 03:05,PUBG,Sanhok,WIN,19,12,8,2599,218,1,44,5,M416
M1134,P_NOOB_004,CasualGamer,2026-06-12 04:05,Fortnite,Arena,LOSS,4,17,12,1126,79,24,10,2,Assault Rifle
M1135,P_AIM_003,AimBot_99,2026-07-26 07:05,Valorant,Breeze,WIN,31,2,6,4770,521,3,64,9,Phantom
M1136,P_AIM_003,AimBot_99,2026-08-07 18:05,Valorant,Lotus,LOSS,17,14,7,2750,199,4,20,8,Operator
M1137,P_ALEX_001,Alex_Main,2026-09-28 11:05,CS2,Dust II,WIN,13,15,10,2201,234,4,41,3,AWP
M1138,P_JETT_002,Jett_TTV,2026-08-17 16:05,CS2,Mirage,WIN,21,7,3,3165,331,1,23,3,Desert Eagle
M1139,P_NOOB_004,CasualGamer,2026-09-16 21:05,Apex Legends,Olympus,LOSS,2,14,10,892,56,71,33,0,Wingman
M1140,P_NOOB_004,CasualGamer,2026-09-30 23:05,Valorant,Breeze,LOSS,11,16,3,1900,145,7,38,4,Vandal
M1141,P_JETT_002,Jett_TTV,2026-08-30 01:05,Fortnite,Arena,LOSS,25,25,15,5621,392,75,32,6,SMG
M1142,P_NOOB_004,CasualGamer,2026-09-11 19:05,Valorant,Bind,LOSS,2,21,1,244,21,8,40,0,Vandal
M1143,P_AIM_003,AimBot_99,2026-08-18 13:05,Apex Legends,Broken Moon,WIN,22,3,7,4562,395,1,40,9,R-301
M1144,P_AIM_003,AimBot_99,2026-07-22 04:05,Valorant,Breeze,LOSS,31,10,2,4702,368,3,38,14,Vandal
M1145,P_JETT_002,Jett_TTV,2026-06-29 03:05,Apex Legends,World's Edge,WIN,21,13,7,4595,375,1,25,10,R-301
M1146,P_ALEX_001,Alex_Main,2026-07-17 23:05,Valorant,Ascent,WIN,7,1,2,918,100,2,39,3,Judge
M1147,P_ALEX_001,Alex_Main,2026-08-25 06:05,Apex Legends,World's Edge,LOSS,6,14,7,1439,109,15,35,2,Peacekeeper
M1148,P_AIM_003,AimBot_99,2026-08-27 08:05,Fortnite,Battle Royale,LOSS,25,8,4,5316,390,39,18,10,Assault Rifle
M1149,P_ALEX_001,Alex_Main,2026-09-30 09:05,PUBG,Sanhok,LOSS,18,19,0,2091,189,88,35,4,Beryl M762
M1150,P_ALEX_001,Alex_Main,2026-09-20 23:05,CS2,Ancient,LOSS,17,26,8,2722,208,8,48,2,MAC-10
M1151,P_JETT_002,Jett_TTV,2026-06-19 16:05,Valorant,Icebox,WIN,18,21,5,2883,259,4,40,5,Phantom
M1152,P_ALEX_001,Alex_Main,2026-07-09 14:05,CS2,Vertigo,LOSS,11,13,7,1695,125,5,29,3,AK-47
M1153,P_ALEX_001,Alex_Main,2026-06-17 05:05,Apex Legends,Kings Canyon,WIN,17,8,0,3359,324,1,32,6,Kraber
M1154,P_ALEX_001,Alex_Main,2026-07-17 16:05,Apex Legends,World's Edge,WIN,18,30,8,3994,356,1,36,7,Peacekeeper
M1155,P_ALEX_001,Alex_Main,2026-07-28 13:05,CS2,Nuke,LOSS,10,15,0,1475,131,10,35,4,Desert Eagle
M1156,P_JETT_002,Jett_TTV,2026-07-07 06:05,PUBG,Taego,WIN,29,15,8,3645,425,1,42,9,Beryl M762
M1157,P_ALEX_001,Alex_Main,2026-09-30 08:05,CS2,Mirage,WIN,19,14,5,2983,324,3,20,3,AWP
M1158,P_AIM_003,AimBot_99,2026-06-20 16:05,Valorant,Bind,LOSS,20,13,7,3390,288,2,34,5,Sheriff
M1159,P_JETT_002,Jett_TTV,2026-08-16 21:05,Valorant,Bind,WIN,20,14,10,3341,259,2,45,10,Vandal
M1160,P_ALEX_001,Alex_Main,2026-09-13 13:05,Fortnite,Ranked,LOSS,9,11,8,2206,167,54,42,4,Assault Rifle
M1161,P_ALEX_001,Alex_Main,2026-09-24 21:05,Valorant,Breeze,WIN,21,11,0,2957,316,2,49,10,Operator
M1162,P_AIM_003,AimBot_99,2026-09-04 16:05,Apex Legends,World's Edge,WIN,36,12,11,7736,663,1,39,14,Kraber
M1163,P_JETT_002,Jett_TTV,2026-06-24 02:05,CS2,Ancient,LOSS,10,11,2,1492,117,6,28,5,MAC-10
M1164,P_JETT_002,Jett_TTV,2026-08-20 12:05,Valorant,Bind,WIN,22,10,2,3373,270,1,31,11,Judge
M1165,P_ALEX_001,Alex_Main,2026-06-14 20:05,Valorant,Bind,LOSS,18,15,0,2725,241,10,30,7,Phantom
M1166,P_NOOB_004,CasualGamer,2026-09-10 00:05,Apex Legends,World's Edge,LOSS,16,20,1,3315,224,83,45,7,Wingman
M1167,P_ALEX_001,Alex_Main,2026-06-29 20:05,Valorant,Icebox,WIN,29,24,8,4465,393,2,15,9,Sheriff
M1168,P_AIM_003,AimBot_99,2026-08-26 07:05,Apex Legends,Storm Point,LOSS,26,1,4,5453,377,39,37,12,R-301
M1169,P_AIM_003,AimBot_99,2026-07-20 07:05,Fortnite,Battle Royale,WIN,24,17,4,4971,412,1,29,11,SMG
M1170,P_ALEX_001,Alex_Main,2026-09-08 19:05,Valorant,Pearl,WIN,9,22,1,1461,142,5,44,3,Phantom
M1171,P_NOOB_004,CasualGamer,2026-08-01 18:05,PUBG,Sanhok,LOSS,7,9,7,1020,86,64,29,2,Beryl M762
M1172,P_NOOB_004,CasualGamer,2026-07-20 02:05,Fortnite,Ranked,LOSS,12,18,6,2741,184,27,44,2,Assault Rifle
M1173,P_JETT_002,Jett_TTV,2026-07-19 01:05,Valorant,Haven,WIN,18,12,4,2659,256,1,43,3,Vandal
M1174,P_JETT_002,Jett_TTV,2026-07-01 10:05,Apex Legends,Kings Canyon,WIN,17,6,12,4025,336,1,35,5,Flatline
M1175,P_ALEX_001,Alex_Main,2026-09-04 15:05,Apex Legends,Storm Point,WIN,21,10,8,4577,359,1,31,9,Kraber
M1176,P_ALEX_001,Alex_Main,2026-07-22 20:05,Fortnite,Ranked,WIN,16,8,9,3498,254,1,41,4,Sniper Rifle
M1177,P_ALEX_001,Alex_Main,2026-08-15 06:05,Valorant,Ascent,WIN,26,25,2,3979,339,3,33,14,Vandal
M1178,P_AIM_003,AimBot_99,2026-06-15 15:05,Fortnite,Arena,LOSS,20,17,1,4015,311,97,17,9,SMG
M1179,P_ALEX_001,Alex_Main,2026-08-25 23:05,Valorant,Bind,WIN,35,22,4,5391,474,3,23,16,Sheriff
M1180,P_ALEX_001,Alex_Main,2026-06-30 13:05,Valorant,Bind,WIN,20,19,11,3423,271,4,36,6,Operator
M1181,P_AIM_003,AimBot_99,2026-09-01 14:05,Valorant,Lotus,WIN,22,5,5,3469,292,3,51,8,Phantom
M1182,P_NOOB_004,CasualGamer,2026-07-27 15:05,Valorant,Icebox,LOSS,2,14,0,144,16,5,32,0,Phantom
M1183,P_ALEX_001,Alex_Main,2026-07-23 10:05,Fortnite,Battle Royale,LOSS,19,17,10,4259,280,13,52,10,SMG
M1184,P_JETT_002,Jett_TTV,2026-08-02 17:05,Valorant,Breeze,WIN,14,7,6,2279,232,2,48,5,Sheriff
M1185,P_ALEX_001,Alex_Main,2026-08-23 02:05,PUBG,Sanhok,LOSS,20,19,13,3108,241,71,26,10,Kar98k
M1186,P_AIM_003,AimBot_99,2026-06-11 10:05,Valorant,Breeze,WIN,33,10,5,4957,546,1,27,11,Sheriff
M1187,P_NOOB_004,CasualGamer,2026-09-16 16:05,Apex Legends,Olympus,LOSS,11,19,4,2157,144,11,13,4,Flatline
M1188,P_NOOB_004,CasualGamer,2026-08-12 22:05,CS2,Ancient,LOSS,4,24,6,637,55,8,40,0,M4A4
M1189,P_AIM_003,AimBot_99,2026-07-23 11:05,Fortnite,Arena,WIN,12,13,21,3190,211,1,31,4,Assault Rifle
M1190,P_ALEX_001,Alex_Main,2026-08-14 17:05,PUBG,Sanhok,WIN,12,12,13,2111,184,1,42,3,Kar98k
M1191,P_ALEX_001,Alex_Main,2026-07-12 16:05,PUBG,Erangel,WIN,21,21,6,2720,299,1,22,8,M416
M1192,P_ALEX_001,Alex_Main,2026-06-15 04:05,Apex Legends,Olympus,WIN,17,8,7,3768,320,1,44,6,Kraber
M1193,P_ALEX_001,Alex_Main,2026-09-06 14:05,CS2,Anubis,DRAW,7,18,10,1466,112,8,37,1,AWP
M1194,P_ALEX_001,Alex_Main,2026-06-12 08:05,PUBG,Taego,WIN,17,18,7,2427,246,1,28,8,M416
M1195,P_JETT_002,Jett_TTV,2026-08-16 00:05,Fortnite,Ranked,WIN,18,13,4,3852,292,1,39,4,Pump Shotgun
M1196,P_ALEX_001,Alex_Main,2026-09-18 09:05,CS2,Inferno,LOSS,9,16,2,1207,97,9,37,2,AWP
M1197,P_JETT_002,Jett_TTV,2026-07-03 20:05,CS2,Vertigo,WIN,17,7,12,2845,234,3,22,8,AK-47
M1198,P_JETT_002,Jett_TTV,2026-07-26 14:05,Apex Legends,Olympus,WIN,16,20,8,3569,289,1,27,6,Flatline
M1199,P_AIM_003,AimBot_99,2026-07-01 14:05,PUBG,Vikendi,WIN,18,10,5,2452,226,1,42,5,Kar98k
M1200,P_ALEX_001,Alex_Main,2026-09-12 08:05,PUBG,Miramar,WIN,18,11,6,2384,273,1,39,5,Mini14
M1201,P_AIM_003,AimBot_99,2026-08-03 08:05,CS2,Vertigo,LOSS,24,18,0,3329,264,2,6,7,AK-47
M1202,P_AIM_003,AimBot_99,2026-09-15 19:05,CS2,Mirage,WIN,35,6,5,5225,482,2,23,14,MAC-10
M1203,P_JETT_002,Jett_TTV,2026-09-14 03:05,PUBG,Taego,LOSS,23,6,4,2966,256,36,25,4,Mini14
M1204,P_JETT_002,Jett_TTV,2026-09-19 18:05,CS2,Anubis,WIN,6,5,7,1304,123,3,50,2,Desert Eagle
M1205,P_ALEX_001,Alex_Main,2026-09-09 08:05,CS2,Overpass,LOSS,9,18,4,1442,120,7,29,2,AWP
M1206,P_AIM_003,AimBot_99,2026-08-04 21:05,Fortnite,Battle Royale,WIN,31,3,11,6837,534,1,54,9,Pump Shotgun
M1207,P_AIM_003,AimBot_99,2026-07-11 17:05,Valorant,Icebox,LOSS,27,23,7,4212,356,5,38,7,Phantom
M1208,P_ALEX_001,Alex_Main,2026-06-06 12:05,Valorant,Haven,WIN,19,2,5,3021,262,2,24,5,Phantom
M1209,P_JETT_002,Jett_TTV,2026-07-21 04:05,PUBG,Erangel,WIN,42,25,5,5248,459,1,21,9,Mini14
M1210,P_AIM_003,AimBot_99,2026-07-17 20:05,CS2,Overpass,WIN,25,14,0,3823,307,2,26,3,AK-47
M1211,P_JETT_002,Jett_TTV,2026-07-20 07:05,Valorant,Haven,LOSS,23,14,5,3609,304,2,31,3,Operator
M1212,P_JETT_002,Jett_TTV,2026-08-01 08:05,CS2,Vertigo,WIN,22,11,5,3418,323,3,59,9,AWP
M1213,P_JETT_002,Jett_TTV,2026-07-05 07:05,Valorant,Split,WIN,20,17,11,3279,263,3,31,3,Sheriff
M1214,P_ALEX_001,Alex_Main,2026-08-18 03:05,Valorant,Pearl,WIN,13,14,1,1833,179,3,15,4,Sheriff
M1215,P_ALEX_001,Alex_Main,2026-06-29 07:05,Apex Legends,Kings Canyon,LOSS,21,21,3,4344,286,45,43,6,Peacekeeper
M1216,P_ALEX_001,Alex_Main,2026-06-10 04:05,PUBG,Taego,LOSS,10,15,2,1350,111,31,22,1,Kar98k
M1217,P_JETT_002,Jett_TTV,2026-07-20 18:05,Fortnite,Arena,WIN,14,15,1,2859,248,1,23,5,Assault Rifle
M1218,P_ALEX_001,Alex_Main,2026-07-10 04:05,Valorant,Split,LOSS,12,12,5,1919,151,7,30,5,Phantom
M1219,P_NOOB_004,CasualGamer,2026-06-17 23:05,PUBG,Sanhok,LOSS,13,18,1,1758,141,48,46,6,Mini14
M1220,P_AIM_003,AimBot_99,2026-06-19 06:05,Apex Legends,Broken Moon,WIN,38,11,8,7888,715,1,44,10,Flatline
M1221,P_NOOB_004,CasualGamer,2026-06-05 14:05,PUBG,Miramar,WIN,0,12,7,215,10,1,31,0,Mini14
M1222,P_JETT_002,Jett_TTV,2026-07-05 14:05,Valorant,Breeze,WIN,20,6,10,3382,341,2,19,4,Judge
M1223,P_JETT_002,Jett_TTV,2026-08-07 09:05,PUBG,Vikendi,LOSS,4,19,12,1088,67,36,46,1,Mini14
M1224,P_ALEX_001,Alex_Main,2026-08-28 10:05,PUBG,Taego,LOSS,12,16,8,1590,129,43,33,2,Mini14
M1225,P_ALEX_001,Alex_Main,2026-09-10 10:05,Apex Legends,Kings Canyon,WIN,23,13,9,4846,461,1,43,8,Kraber
M1226,P_ALEX_001,Alex_Main,2026-08-10 08:05,Valorant,Split,WIN,16,15,10,2943,306,3,37,8,Judge
M1227,P_JETT_002,Jett_TTV,2026-06-26 06:05,CS2,Nuke,LOSS,8,17,5,1251,102,5,44,1,Desert Eagle
M1228,P_JETT_002,Jett_TTV,2026-07-04 15:05,Valorant,Breeze,LOSS,10,11,6,1775,127,5,50,5,Judge
M1229,P_ALEX_001,Alex_Main,2026-08-11 08:05,CS2,Dust II,WIN,20,10,1,2866,291,1,33,5,AWP
M1230,P_ALEX_001,Alex_Main,2026-08-25 19:05,CS2,Overpass,LOSS,10,16,2,1681,126,7,36,2,MAC-10
M1231,P_JETT_002,Jett_TTV,2026-06-16 01:05,Fortnite,Arena,WIN,17,9,2,3557,307,1,45,5,Tactical Shotgun
M1232,P_ALEX_001,Alex_Main,2026-08-22 12:05,Valorant,Lotus,WIN,16,17,0,2339,191,5,27,2,Phantom
M1233,P_ALEX_001,Alex_Main,2026-06-05 16:05,CS2,Anubis,LOSS,11,4,5,1911,150,4,19,4,Desert Eagle
M1234,P_JETT_002,Jett_TTV,2026-06-07 01:05,CS2,Mirage,WIN,31,21,8,5034,451,2,38,16,Desert Eagle
M1235,P_ALEX_001,Alex_Main,2026-06-11 12:05,Apex Legends,Olympus,WIN,20,17,6,4151,318,1,45,9,R-301
M1236,P_NOOB_004,CasualGamer,2026-07-16 09:05,CS2,Ancient,LOSS,0,19,0,100,5,7,14,0,MAC-10
M1237,P_AIM_003,AimBot_99,2026-06-12 14:05,CS2,Inferno,WIN,26,15,3,3679,323,2,25,5,AWP
M1238,P_ALEX_001,Alex_Main,2026-07-24 05:05,Valorant,Lotus,LOSS,11,24,2,1635,132,5,50,2,Judge
M1239,P_AIM_003,AimBot_99,2026-09-04 07:05,Apex Legends,Kings Canyon,WIN,29,18,9,6403,602,1,38,6,Peacekeeper
M1240,P_JETT_002,Jett_TTV,2026-09-15 02:05,Fortnite,Arena,WIN,10,3,7,2551,171,1,57,4,Sniper Rifle
M1241,P_ALEX_001,Alex_Main,2026-07-21 18:05,Apex Legends,Storm Point,WIN,15,7,4,3223,228,1,9,7,Flatline
M1242,P_AIM_003,AimBot_99,2026-08-21 05:05,Apex Legends,World's Edge,WIN,30,9,3,6095,470,1,29,11,Wingman
M1243,P_ALEX_001,Alex_Main,2026-09-27 13:05,Valorant,Ascent,WIN,22,15,5,3447,282,2,47,5,Sheriff
M1244,P_AIM_003,AimBot_99,2026-08-25 08:05,Apex Legends,Olympus,LOSS,14,14,4,2979,205,96,28,6,Kraber
M1245,P_JETT_002,Jett_TTV,2026-07-28 15:05,Valorant,Haven,WIN,13,10,9,2205,187,1,43,6,Operator
M1246,P_ALEX_001,Alex_Main,2026-07-24 17:05,Valorant,Pearl,DRAW,12,16,10,2465,196,8,29,6,Sheriff
M1247,P_AIM_003,AimBot_99,2026-09-10 12:05,Fortnite,Battle Royale,WIN,16,7,4,3335,238,1,32,3,Tactical Shotgun
M1248,P_JETT_002,Jett_TTV,2026-06-29 03:05,PUBG,Erangel,WIN,28,11,9,3645,383,1,46,8,Beryl M762
M1249,P_JETT_002,Jett_TTV,2026-07-13 08:05,Valorant,Ascent,WIN,18,6,3,2797,254,1,35,3,Phantom
M1250,P_ALEX_001,Alex_Main,2026-08-19 23:05,Apex Legends,Kings Canyon,LOSS,7,9,10,1784,109,64,40,3,Flatline
M1251,P_ALEX_001,Alex_Main,2026-08-12 06:05,CS2,Dust II,WIN,22,6,4,3492,378,3,26,7,AWP
M1252,P_NOOB_004,CasualGamer,2026-06-06 01:05,Fortnite,Arena,WIN,23,16,10,5247,464,1,24,4,SMG
M1253,P_AIM_003,AimBot_99,2026-06-28 02:05,Fortnite,Battle Royale,WIN,28,18,4,5916,562,1,23,10,Assault Rifle
M1254,P_JETT_002,Jett_TTV,2026-09-24 02:05,Apex Legends,Kings Canyon,WIN,5,9,8,1279,92,1,38,1,Kraber
M1255,P_JETT_002,Jett_TTV,2026-07-29 05:05,PUBG,Miramar,LOSS,12,30,11,1824,142,26,34,5,UMP45
M1256,P_JETT_002,Jett_TTV,2026-08-29 22:05,Fortnite,Battle Royale,WIN,24,17,3,4904,446,1,26,4,Tactical Shotgun
M1257,P_ALEX_001,Alex_Main,2026-08-10 04:05,Valorant,Split,LOSS,11,16,11,1920,135,7,43,4,Operator
M1258,P_ALEX_001,Alex_Main,2026-08-25 13:05,CS2,Mirage,WIN,19,9,8,3059,264,1,54,3,M4A4
M1259,P_AIM_003,AimBot_99,2026-07-14 07:05,PUBG,Miramar,WIN,33,14,1,4128,361,1,18,8,Mini14
M1260,P_ALEX_001,Alex_Main,2026-06-15 14:05,Apex Legends,Kings Canyon,LOSS,9,11,13,2460,156,13,41,1,Wingman
M1261,P_ALEX_001,Alex_Main,2026-06-06 23:05,Valorant,Icebox,LOSS,15,15,4,2174,195,8,24,5,Judge
M1262,P_NOOB_004,CasualGamer,2026-09-20 16:05,Apex Legends,Kings Canyon,LOSS,0,34,8,433,22,29,25,0,Wingman
M1263,P_JETT_002,Jett_TTV,2026-08-04 04:05,PUBG,Sanhok,LOSS,8,14,4,1103,90,92,30,2,Beryl M762
M1264,P_JETT_002,Jett_TTV,2026-06-14 01:05,Fortnite,Ranked,LOSS,14,21,11,3226,204,23,19,2,Assault Rifle
M1265,P_ALEX_001,Alex_Main,2026-08-28 17:05,Valorant,Split,LOSS,7,10,1,1352,91,7,25,3,Sheriff
M1266,P_JETT_002,Jett_TTV,2026-08-03 09:05,Fortnite,Battle Royale,WIN,27,14,6,5630,510,1,31,5,Assault Rifle
M1267,P_JETT_002,Jett_TTV,2026-09-30 01:05,Valorant,Breeze,WIN,5,25,5,1031,76,4,30,1,Operator
M1268,P_ALEX_001,Alex_Main,2026-08-05 06:05,Fortnite,Battle Royale,WIN,12,11,5,2621,214,1,22,4,SMG
M1269,P_JETT_002,Jett_TTV,2026-09-15 23:05,PUBG,Sanhok,LOSS,16,25,12,2445,191,70,41,4,Mini14
M1270,P_ALEX_001,Alex_Main,2026-07-16 11:05,Apex Legends,Storm Point,WIN,26,19,10,5795,405,1,34,4,Peacekeeper
M1271,P_JETT_002,Jett_TTV,2026-07-05 23:05,Valorant,Bind,LOSS,5,11,6,928,73,5,33,1,Judge
M1272,P_JETT_002,Jett_TTV,2026-07-14 16:05,CS2,Vertigo,WIN,24,18,7,3882,324,2,37,10,MAC-10
M1273,P_AIM_003,AimBot_99,2026-09-11 21:05,Valorant,Lotus,WIN,29,18,8,4528,428,2,21,14,Operator
M1274,P_ALEX_001,Alex_Main,2026-08-31 13:05,Valorant,Breeze,LOSS,9,18,7,1636,122,8,34,4,Vandal
M1275,P_ALEX_001,Alex_Main,2026-08-03 13:05,Valorant,Breeze,WIN,19,5,5,2970,323,1,30,8,Phantom
M1276,P_AIM_003,AimBot_99,2026-09-04 02:05,PUBG,Sanhok,WIN,23,7,8,2935,340,1,32,11,Beryl M762
M1277,P_JETT_002,Jett_TTV,2026-08-02 01:05,Fortnite,Arena,WIN,11,13,9,2472,185,1,36,2,Sniper Rifle
M1278,P_NOOB_004,CasualGamer,2026-08-08 01:05,PUBG,Sanhok,LOSS,13,18,4,1836,161,26,46,6,M416
M1279,P_AIM_003,AimBot_99,2026-08-24 07:05,Valorant,Ascent,LOSS,19,14,1,2791,227,3,22,9,Sheriff
M1280,P_ALEX_001,Alex_Main,2026-10-01 13:05,PUBG,Sanhok,WIN,16,16,3,1966,202,1,31,6,M416
M1281,P_ALEX_001,Alex_Main,2026-06-28 00:05,CS2,Overpass,WIN,20,6,12,3341,322,2,39,4,AK-47
M1282,P_NOOB_004,CasualGamer,2026-07-15 00:05,Valorant,Pearl,LOSS,23,21,9,3846,307,5,35,11,Sheriff
M1283,P_JETT_002,Jett_TTV,2026-07-24 20:05,CS2,Vertigo,LOSS,7,18,13,1662,127,5,48,2,M4A4
M1284,P_AIM_003,AimBot_99,2026-06-28 13:05,Apex Legends,Olympus,WIN,35,16,10,7308,697,1,40,8,R-301
M1285,P_NOOB_004,CasualGamer,2026-08-28 05:05,Apex Legends,Olympus,LOSS,0,30,13,665,33,67,44,0,Kraber
M1286,P_AIM_003,AimBot_99,2026-06-28 06:05,CS2,Dust II,WIN,24,15,1,3639,334,2,37,5,Desert Eagle
M1287,P_ALEX_001,Alex_Main,2026-08-24 12:05,PUBG,Erangel,LOSS,20,17,0,2363,207,59,27,10,Mini14
M1288,P_ALEX_001,Alex_Main,2026-07-13 03:05,CS2,Vertigo,WIN,17,14,0,2480,262,1,48,4,M4A4
M1289,P_JETT_002,Jett_TTV,2026-09-07 09:05,Apex Legends,Broken Moon,WIN,11,5,3,2335,210,1,15,2,R-301
M1290,P_NOOB_004,CasualGamer,2026-08-12 19:05,CS2,Vertigo,LOSS,11,20,6,1949,163,7,46,3,AWP
M1291,P_NOOB_004,CasualGamer,2026-07-03 17:05,Apex Legends,Broken Moon,WIN,5,24,5,1189,84,1,34,2,Wingman
M1292,P_JETT_002,Jett_TTV,2026-09-07 12:05,Valorant,Ascent,LOSS,11,16,6,1773,153,9,26,3,Operator
M1293,P_JETT_002,Jett_TTV,2026-09-12 07:05,PUBG,Erangel,WIN,21,7,4,2704,298,1,40,8,Mini14
M1294,P_ALEX_001,Alex_Main,2026-06-25 09:05,Valorant,Ascent,WIN,18,8,9,3061,281,3,34,7,Judge
M1295,P_JETT_002,Jett_TTV,2026-09-06 02:05,CS2,Vertigo,LOSS,11,21,8,2055,157,7,29,3,MAC-10
M1296,P_ALEX_001,Alex_Main,2026-09-16 02:05,PUBG,Sanhok,WIN,22,14,4,2693,268,1,56,5,UMP45
M1297,P_AIM_003,AimBot_99,2026-08-02 04:05,PUBG,Miramar,WIN,25,15,8,3364,383,1,42,4,UMP45
M1298,P_JETT_002,Jett_TTV,2026-09-22 11:05,Valorant,Bind,LOSS,21,15,10,3596,294,1,26,5,Judge
M1299,P_JETT_002,Jett_TTV,2026-09-19 07:05,Apex Legends,Olympus,LOSS,20,15,8,4219,300,30,35,6,Kraber
M1300,P_JETT_002,Jett_TTV,2026-08-20 01:05,Valorant,Icebox,LOSS,10,20,8,1791,124,5,46,1,Sheriff
M1301,P_ALEX_001,Alex_Main,2026-08-07 16:05,Fortnite,Zero Build,WIN,12,11,2,2431,181,1,36,2,Assault Rifle
M1302,P_JETT_002,Jett_TTV,2026-07-08 16:05,CS2,Anubis,WIN,21,15,3,3120,253,3,30,6,Desert Eagle
M1303,P_JETT_002,Jett_TTV,2026-07-07 15:05,PUBG,Miramar,LOSS,20,12,11,3053,238,19,20,5,M416
M1304,P_ALEX_001,Alex_Main,2026-09-10 01:05,CS2,Inferno,WIN,15,12,8,2809,250,2,27,5,Desert Eagle
M1305,P_ALEX_001,Alex_Main,2026-08-06 11:05,Valorant,Bind,WIN,16,13,14,2827,268,2,36,5,Judge
M1306,P_NOOB_004,CasualGamer,2026-09-20 18:05,PUBG,Miramar,LOSS,18,24,10,2578,197,49,42,3,UMP45
M1307,P_ALEX_001,Alex_Main,2026-06-26 08:05,PUBG,Erangel,LOSS,11,12,8,1767,128,49,30,3,UMP45
M1308,P_ALEX_001,Alex_Main,2026-08-24 10:05,PUBG,Erangel,WIN,19,22,8,2508,242,1,23,10,Mini14
M1309,P_ALEX_001,Alex_Main,2026-09-21 18:05,Valorant,Icebox,WIN,14,9,5,2294,204,1,39,2,Sheriff
M1310,P_NOOB_004,CasualGamer,2026-07-23 18:05,CS2,Anubis,LOSS,8,17,6,1471,117,10,25,3,AWP
M1311,P_NOOB_004,CasualGamer,2026-08-28 00:05,Valorant,Ascent,DRAW,17,17,1,2436,186,6,28,2,Judge
M1312,P_ALEX_001,Alex_Main,2026-07-16 13:05,PUBG,Sanhok,LOSS,21,23,5,2768,220,87,50,6,M416
M1313,P_NOOB_004,CasualGamer,2026-08-25 06:05,Valorant,Bind,DRAW,19,25,0,2676,228,10,38,9,Phantom
M1314,P_ALEX_001,Alex_Main,2026-06-14 15:05,PUBG,Vikendi,WIN,25,21,8,3198,284,1,37,8,M416
M1315,P_ALEX_001,Alex_Main,2026-07-01 11:05,Apex Legends,World's Edge,WIN,16,6,4,3435,294,1,13,8,Kraber
M1316,P_JETT_002,Jett_TTV,2026-07-08 01:05,PUBG,Erangel,WIN,20,16,5,2737,261,1,44,4,Beryl M762
M1317,P_JETT_002,Jett_TTV,2026-07-17 19:05,Valorant,Split,LOSS,13,20,5,2117,170,10,9,5,Judge
M1318,P_ALEX_001,Alex_Main,2026-09-23 13:05,PUBG,Taego,WIN,18,15,3,2247,250,1,21,9,Mini14
M1319,P_AIM_003,AimBot_99,2026-07-26 03:05,Fortnite,Arena,WIN,27,19,5,5528,560,1,44,4,Tactical Shotgun
M1320,P_JETT_002,Jett_TTV,2026-07-24 02:05,CS2,Dust II,WIN,16,11,7,2661,246,2,35,8,AWP
M1321,P_NOOB_004,CasualGamer,2026-07-30 10:05,Valorant,Breeze,LOSS,15,31,0,2199,174,7,24,4,Sheriff
M1322,P_ALEX_001,Alex_Main,2026-06-08 10:05,Apex Legends,World's Edge,WIN,10,28,2,2223,188,1,53,3,Peacekeeper
M1323,P_ALEX_001,Alex_Main,2026-09-06 08:05,PUBG,Taego,WIN,30,12,5,3842,390,1,39,13,Beryl M762
M1324,P_JETT_002,Jett_TTV,2026-07-26 05:05,Apex Legends,Olympus,DRAW,8,12,7,1883,118,90,34,1,R-301
M1325,P_ALEX_001,Alex_Main,2026-09-09 20:05,Apex Legends,Storm Point,WIN,7,23,5,1656,113,1,38,3,R-301
M1326,P_JETT_002,Jett_TTV,2026-09-06 05:05,CS2,Overpass,LOSS,24,24,2,3498,265,7,5,12,Desert Eagle
M1327,P_JETT_002,Jett_TTV,2026-08-05 14:05,Fortnite,Zero Build,WIN,21,11,8,4637,436,1,34,4,Sniper Rifle
M1328,P_AIM_003,AimBot_99,2026-09-11 00:05,Valorant,Pearl,LOSS,27,9,2,3881,319,4,16,9,Operator
M1329,P_ALEX_001,Alex_Main,2026-06-17 05:05,Valorant,Pearl,LOSS,20,13,3,3008,225,4,37,10,Sheriff
M1330,P_ALEX_001,Alex_Main,2026-06-06 16:05,PUBG,Miramar,DRAW,15,6,14,2279,183,8,46,5,Beryl M762
M1331,P_JETT_002,Jett_TTV,2026-06-11 20:05,Valorant,Breeze,LOSS,9,9,9,1628,115,10,41,4,Judge
M1332,P_NOOB_004,CasualGamer,2026-07-12 18:05,Apex Legends,Olympus,LOSS,10,14,0,1992,154,13,37,2,Peacekeeper
M1333,P_AIM_003,AimBot_99,2026-07-06 15:05,Valorant,Icebox,WIN,20,5,4,2937,295,3,13,5,Operator
M1334,P_ALEX_001,Alex_Main,2026-09-11 08:05,PUBG,Taego,WIN,22,14,1,2734,240,1,28,10,Kar98k
M1335,P_ALEX_001,Alex_Main,2026-07-15 10:05,Fortnite,Ranked,LOSS,14,16,3,2951,225,66,25,6,Pump Shotgun
M1336,P_ALEX_001,Alex_Main,2026-06-16 21:05,Valorant,Bind,LOSS,10,24,2,1594,125,6,30,3,Operator
M1337,P_NOOB_004,CasualGamer,2026-09-10 09:05,Valorant,Split,LOSS,10,13,5,1869,134,7,15,2,Vandal
M1338,P_AIM_003,AimBot_99,2026-07-01 04:05,PUBG,Vikendi,WIN,23,18,12,3300,309,1,35,4,M416
M1339,P_ALEX_001,Alex_Main,2026-09-05 21:05,Apex Legends,Storm Point,WIN,12,13,4,2679,208,1,41,2,Peacekeeper
M1340,P_JETT_002,Jett_TTV,2026-09-26 13:05,CS2,Nuke,LOSS,10,14,9,1891,135,7,44,2,MAC-10
M1341,P_AIM_003,AimBot_99,2026-08-25 19:05,Valorant,Icebox,WIN,23,17,0,3386,303,1,43,5,Sheriff
M1342,P_JETT_002,Jett_TTV,2026-09-05 16:05,PUBG,Taego,WIN,17,8,0,1935,223,1,35,6,Mini14
M1343,P_AIM_003,AimBot_99,2026-08-04 17:05,PUBG,Vikendi,WIN,19,14,10,2784,227,1,43,6,Kar98k
M1344,P_NOOB_004,CasualGamer,2026-07-23 18:05,Apex Legends,Broken Moon,LOSS,5,22,4,959,68,94,47,1,Kraber
M1345,P_ALEX_001,Alex_Main,2026-09-06 17:05,Apex Legends,World's Edge,DRAW,17,17,9,3847,245,30,27,8,Wingman
M1346,P_JETT_002,Jett_TTV,2026-06-05 03:05,Apex Legends,World's Edge,LOSS,5,16,3,934,65,30,42,0,Peacekeeper
M1347,P_JETT_002,Jett_TTV,2026-08-28 03:05,Apex Legends,Storm Point,LOSS,6,29,0,1451,106,38,43,2,R-301
M1348,P_ALEX_001,Alex_Main,2026-07-05 04:05,CS2,Dust II,LOSS,10,11,6,1661,142,5,45,2,AK-47
M1349,P_ALEX_001,Alex_Main,2026-06-08 22:05,PUBG,Taego,WIN,14,11,0,1712,192,1,41,5,UMP45
M1350,P_ALEX_001,Alex_Main,2026-07-30 22:05,Apex Legends,World's Edge,WIN,18,11,7,4043,378,1,41,4,Wingman
M1351,P_ALEX_001,Alex_Main,2026-06-17 10:05,Fortnite,Ranked,WIN,26,11,7,5396,399,1,37,6,Tactical Shotgun
M1352,P_NOOB_004,CasualGamer,2026-07-30 08:05,Valorant,Pearl,LOSS,18,17,3,2681,224,10,36,5,Phantom
M1353,P_JETT_002,Jett_TTV,2026-06-20 16:05,Fortnite,Battle Royale,LOSS,14,22,9,3039,238,57,32,5,SMG
M1354,P_ALEX_001,Alex_Main,2026-08-13 01:05,Apex Legends,Kings Canyon,LOSS,15,23,6,3133,231,39,33,7,Kraber
M1355,P_JETT_002,Jett_TTV,2026-09-15 01:05,PUBG,Taego,LOSS,8,11,2,965,90,59,35,1,UMP45
M1356,P_ALEX_001,Alex_Main,2026-08-05 22:05,Valorant,Split,LOSS,15,10,5,2345,172,3,40,6,Judge
M1357,P_NOOB_004,CasualGamer,2026-09-19 00:05,Apex Legends,Olympus,LOSS,10,22,2,2140,151,21,31,3,Kraber
M1358,P_ALEX_001,Alex_Main,2026-08-02 05:05,Apex Legends,Storm Point,DRAW,18,11,8,3953,298,10,30,9,Flatline
M1359,P_AIM_003,AimBot_99,2026-06-11 13:05,Valorant,Lotus,LOSS,18,15,15,3195,249,10,34,9,Phantom
M1360,P_ALEX_001,Alex_Main,2026-08-27 15:05,Valorant,Bind,DRAW,19,16,9,3103,229,9,43,10,Phantom
M1361,P_JETT_002,Jett_TTV,2026-09-24 21:05,PUBG,Taego,WIN,26,5,1,3106,277,1,32,6,UMP45
M1362,P_NOOB_004,CasualGamer,2026-06-19 11:05,Apex Legends,World's Edge,WIN,9,33,4,1963,185,1,26,3,Peacekeeper
M1363,P_JETT_002,Jett_TTV,2026-09-29 23:05,Fortnite,Arena,WIN,18,25,1,3645,281,1,51,4,Assault Rifle
M1364,P_JETT_002,Jett_TTV,2026-08-18 11:05,PUBG,Miramar,WIN,20,11,5,2718,294,1,24,3,M416
M1365,P_AIM_003,AimBot_99,2026-07-12 05:05,Valorant,Bind,WIN,25,9,4,3949,322,2,29,8,Operator
M1366,P_ALEX_001,Alex_Main,2026-06-08 18:05,CS2,Mirage,WIN,17,16,12,2964,241,4,30,5,AK-47
M1367,P_JETT_002,Jett_TTV,2026-07-18 16:05,Apex Legends,Kings Canyon,LOSS,16,17,1,3186,247,39,54,8,Kraber
M1368,P_JETT_002,Jett_TTV,2026-09-07 16:05,CS2,Mirage,LOSS,16,18,12,2821,214,6,41,5,M4A4
M1369,P_NOOB_004,CasualGamer,2026-09-08 10:05,Apex Legends,Olympus,LOSS,8,34,3,1603,129,88,33,2,Flatline
M1370,P_NOOB_004,CasualGamer,2026-07-26 22:05,Fortnite,Arena,LOSS,13,18,1,2740,202,91,22,5,SMG
M1371,P_JETT_002,Jett_TTV,2026-06-06 09:05,Apex Legends,Storm Point,WIN,19,10,8,4137,324,1,29,8,Kraber
M1372,P_AIM_003,AimBot_99,2026-07-17 07:05,Apex Legends,Broken Moon,WIN,39,2,2,7863,756,1,32,21,Flatline
M1373,P_ALEX_001,Alex_Main,2026-08-20 19:05,Apex Legends,Storm Point,WIN,22,10,10,4978,386,1,28,7,Flatline
M1374,P_ALEX_001,Alex_Main,2026-06-12 21:05,Apex Legends,Olympus,WIN,31,14,3,6394,531,1,35,5,Flatline
M1375,P_JETT_002,Jett_TTV,2026-08-19 02:05,Apex Legends,Kings Canyon,LOSS,10,25,5,2297,154,67,36,1,Peacekeeper
M1376,P_JETT_002,Jett_TTV,2026-09-14 11:05,CS2,Ancient,WIN,22,11,6,3659,284,1,36,10,Desert Eagle
M1377,P_JETT_002,Jett_TTV,2026-07-11 18:05,Valorant,Haven,WIN,17,16,11,3007,252,5,49,6,Sheriff
M1378,P_JETT_002,Jett_TTV,2026-06-21 05:05,PUBG,Miramar,WIN,31,14,2,3819,356,1,33,10,Mini14
M1379,P_ALEX_001,Alex_Main,2026-07-20 23:05,Apex Legends,Broken Moon,WIN,10,22,6,2298,177,1,40,2,Peacekeeper
M1380,P_AIM_003,AimBot_99,2026-09-16 00:05,CS2,Overpass,WIN,19,25,4,2757,240,3,35,9,M4A4
M1381,P_JETT_002,Jett_TTV,2026-06-15 22:05,Fortnite,Zero Build,LOSS,11,11,2,2397,163,91,31,3,Tactical Shotgun
M1382,P_AIM_003,AimBot_99,2026-08-03 06:05,CS2,Mirage,LOSS,11,10,8,2194,170,6,31,5,MAC-10
M1383,P_ALEX_001,Alex_Main,2026-09-06 03:05,CS2,Inferno,LOSS,12,21,6,2113,177,5,22,4,Desert Eagle
M1384,P_AIM_003,AimBot_99,2026-09-19 01:05,Valorant,Icebox,LOSS,20,15,0,2891,231,2,36,6,Judge
M1385,P_ALEX_001,Alex_Main,2026-06-07 03:05,PUBG,Sanhok,LOSS,17,26,9,2430,212,33,33,8,UMP45
M1386,P_JETT_002,Jett_TTV,2026-09-21 08:05,Valorant,Bind,WIN,18,18,9,2897,283,5,35,4,Vandal
M1387,P_ALEX_001,Alex_Main,2026-09-10 04:05,CS2,Dust II,WIN,29,12,11,4620,433,2,35,15,MAC-10
M1388,P_JETT_002,Jett_TTV,2026-07-19 20:05,CS2,Nuke,WIN,22,18,7,3458,302,2,40,8,MAC-10
M1389,P_ALEX_001,Alex_Main,2026-08-14 00:05,Valorant,Split,LOSS,11,21,6,1798,140,8,39,2,Operator
M1390,P_ALEX_001,Alex_Main,2026-06-30 21:05,Valorant,Breeze,LOSS,9,19,7,1482,123,5,17,2,Vandal
M1391,P_AIM_003,AimBot_99,2026-07-07 17:05,Valorant,Split,WIN,25,15,4,3811,418,2,52,7,Sheriff
M1392,P_ALEX_001,Alex_Main,2026-07-10 21:05,Valorant,Lotus,LOSS,6,21,2,996,77,5,36,0,Phantom
M1393,P_JETT_002,Jett_TTV,2026-08-11 15:05,Valorant,Split,WIN,28,22,7,4372,358,2,42,14,Judge
M1394,P_ALEX_001,Alex_Main,2026-08-25 16:05,Fortnite,Battle Royale,LOSS,24,23,6,4896,377,66,28,7,Assault Rifle
M1395,P_ALEX_001,Alex_Main,2026-06-17 08:05,Apex Legends,Storm Point,LOSS,12,18,10,2830,183,37,29,1,Kraber
M1396,P_ALEX_001,Alex_Main,2026-07-13 14:05,PUBG,Vikendi,LOSS,4,13,0,345,34,43,51,1,Kar98k
M1397,P_ALEX_001,Alex_Main,2026-07-27 04:05,PUBG,Vikendi,WIN,25,15,7,3410,295,1,36,4,Mini14
M1398,P_ALEX_001,Alex_Main,2026-06-18 15:05,Fortnite,Arena,LOSS,15,22,5,3327,226,91,35,8,Assault Rifle
M1399,P_AIM_003,AimBot_99,2026-06-14 17:05,Fortnite,Zero Build,WIN,30,8,10,6670,520,1,46,8,Assault Rifle
M1400,P_ALEX_001,Alex_Main,2026-06-05 00:05,PUBG,Sanhok,LOSS,4,17,5,645,49,26,39,1,Kar98k
M1401,P_ALEX_001,Alex_Main,2026-09-11 12:05,Fortnite,Battle Royale,LOSS,11,12,5,2318,155,33,45,3,Sniper Rifle
M1402,P_AIM_003,AimBot_99,2026-09-24 22:05,Valorant,Haven,WIN,26,10,0,3675,412,1,55,6,Vandal
M1403,P_NOOB_004,CasualGamer,2026-08-18 15:05,PUBG,Taego,LOSS,10,29,7,1523,134,29,31,2,Beryl M762
M1404,P_ALEX_001,Alex_Main,2026-08-08 15:05,Fortnite,Arena,WIN,12,16,3,2531,200,1,29,2,SMG
M1405,P_JETT_002,Jett_TTV,2026-07-15 16:05,PUBG,Taego,LOSS,20,15,0,2473,223,24,22,6,Mini14
M1406,P_ALEX_001,Alex_Main,2026-08-20 06:05,Fortnite,Battle Royale,WIN,8,6,3,1737,126,1,24,3,Pump Shotgun
M1407,P_JETT_002,Jett_TTV,2026-06-24 14:05,Apex Legends,Storm Point,LOSS,15,19,3,3187,252,29,46,7,Kraber
M1408,P_ALEX_001,Alex_Main,2026-06-16 16:05,Apex Legends,Olympus,LOSS,16,18,6,3560,277,56,56,5,R-301
M1409,P_ALEX_001,Alex_Main,2026-09-10 13:05,Apex Legends,World's Edge,DRAW,19,27,3,4017,269,36,45,5,Kraber
M1410,P_JETT_002,Jett_TTV,2026-06-06 06:05,Apex Legends,Kings Canyon,WIN,20,13,4,4254,302,1,27,4,Flatline
M1411,P_ALEX_001,Alex_Main,2026-06-09 20:05,CS2,Anubis,LOSS,8,16,8,1593,109,6,43,4,Desert Eagle
M1412,P_ALEX_001,Alex_Main,2026-09-13 18:05,Apex Legends,World's Edge,LOSS,5,16,8,1205,85,19,35,2,Wingman
M1413,P_ALEX_001,Alex_Main,2026-09-02 01:05,Fortnite,Battle Royale,WIN,24,24,10,5140,405,1,40,8,SMG
M1414,P_JETT_002,Jett_TTV,2026-08-20 11:05,Valorant,Bind,WIN,18,14,5,2783,222,1,30,5,Vandal
M1415,P_AIM_003,AimBot_99,2026-09-23 12:05,Fortnite,Arena,LOSS,16,14,5,3349,239,72,35,6,Sniper Rifle
M1416,P_JETT_002,Jett_TTV,2026-07-31 04:05,Fortnite,Zero Build,WIN,26,18,8,5696,465,1,42,7,Pump Shotgun
M1417,P_NOOB_004,CasualGamer,2026-08-15 19:05,Valorant,Lotus,LOSS,11,21,11,2257,173,10,29,2,Phantom
M1418,P_JETT_002,Jett_TTV,2026-07-03 10:05,Fortnite,Arena,DRAW,24,12,6,4954,326,34,35,6,Assault Rifle
M1419,P_AIM_003,AimBot_99,2026-07-20 21:05,Apex Legends,World's Edge,WIN,22,12,4,4714,446,1,42,5,Kraber
M1420,P_NOOB_004,CasualGamer,2026-09-07 16:05,Apex Legends,Kings Canyon,WIN,24,27,4,4998,477,1,30,6,R-301
M1421,P_NOOB_004,CasualGamer,2026-09-03 16:05,Fortnite,Arena,DRAW,24,17,4,5063,401,38,49,6,Tactical Shotgun
M1422,P_NOOB_004,CasualGamer,2026-09-02 06:05,Apex Legends,World's Edge,LOSS,7,19,9,1888,120,93,24,1,Peacekeeper
M1423,P_ALEX_001,Alex_Main,2026-08-28 17:05,PUBG,Taego,WIN,22,10,2,2654,257,1,23,4,Beryl M762
M1424,P_JETT_002,Jett_TTV,2026-07-11 15:05,Apex Legends,Kings Canyon,LOSS,20,22,7,4477,313,90,37,10,R-301
M1425,P_JETT_002,Jett_TTV,2026-08-31 18:05,Fortnite,Battle Royale,WIN,25,5,4,5144,520,1,37,8,Pump Shotgun
M1426,P_ALEX_001,Alex_Main,2026-07-31 12:05,PUBG,Sanhok,WIN,9,11,7,1457,157,1,53,4,Kar98k
M1427,P_JETT_002,Jett_TTV,2026-08-14 01:05,CS2,Inferno,WIN,20,17,0,2837,266,4,40,8,AWP
M1428,P_JETT_002,Jett_TTV,2026-09-22 11:05,Apex Legends,Storm Point,LOSS,23,24,6,4678,348,74,30,10,Peacekeeper
M1429,P_JETT_002,Jett_TTV,2026-09-02 00:05,Apex Legends,Olympus,LOSS,3,14,7,954,65,65,26,0,Kraber
M1430,P_ALEX_001,Alex_Main,2026-06-19 23:05,CS2,Inferno,WIN,7,11,12,1637,137,4,21,2,AWP
M1431,P_JETT_002,Jett_TTV,2026-08-03 00:05,Apex Legends,Olympus,LOSS,1,26,4,423,26,11,51,0,Flatline
M1432,P_ALEX_001,Alex_Main,2026-07-29 07:05,Valorant,Split,WIN,14,6,10,2426,197,1,40,6,Sheriff
M1433,P_ALEX_001,Alex_Main,2026-09-04 12:05,Fortnite,Arena,WIN,21,1,15,4876,361,1,31,5,SMG
M1434,P_ALEX_001,Alex_Main,2026-07-13 23:05,PUBG,Miramar,WIN,26,17,10,3629,371,1,47,7,Mini14
M1435,P_AIM_003,AimBot_99,2026-09-11 05:05,CS2,Mirage,WIN,21,9,0,3052,295,1,42,5,M4A4
M1436,P_AIM_003,AimBot_99,2026-08-02 15:05,Fortnite,Battle Royale,WIN,38,3,9,7931,630,1,54,7,SMG
M1437,P_ALEX_001,Alex_Main,2026-07-07 21:05,Fortnite,Zero Build,LOSS,6,19,0,1087,79,98,32,1,Sniper Rifle
M1438,P_ALEX_001,Alex_Main,2026-07-26 14:05,PUBG,Erangel,LOSS,4,16,9,923,68,94,50,2,Mini14
M1439,P_ALEX_001,Alex_Main,2026-07-25 18:05,Apex Legends,Broken Moon,LOSS,15,11,4,3138,249,34,30,3,R-301
M1440,P_ALEX_001,Alex_Main,2026-06-21 17:05,PUBG,Taego,WIN,18,7,4,2417,241,1,24,5,Beryl M762
M1441,P_AIM_003,AimBot_99,2026-08-30 09:05,CS2,Inferno,WIN,29,16,7,4493,425,2,12,13,M4A4
M1442,P_AIM_003,AimBot_99,2026-06-12 21:05,Apex Legends,Kings Canyon,LOSS,11,13,0,2110,172,37,34,2,Flatline
M1443,P_ALEX_001,Alex_Main,2026-07-18 05:05,Valorant,Bind,LOSS,15,14,6,2591,218,6,36,7,Operator
M1444,P_AIM_003,AimBot_99,2026-07-21 21:05,Valorant,Ascent,LOSS,14,21,1,2069,159,6,39,4,Operator
M1445,P_NOOB_004,CasualGamer,2026-09-20 08:05,Fortnite,Zero Build,LOSS,17,16,8,3702,253,81,28,8,Pump Shotgun
M1446,P_JETT_002,Jett_TTV,2026-06-27 14:05,Fortnite,Zero Build,WIN,18,5,4,3677,319,1,52,7,Tactical Shotgun
M1447,P_ALEX_001,Alex_Main,2026-08-13 06:05,PUBG,Vikendi,WIN,9,10,12,1551,164,1,36,3,UMP45
M1448,P_ALEX_001,Alex_Main,2026-09-20 21:05,Apex Legends,World's Edge,LOSS,12,14,3,2554,187,40,35,3,Peacekeeper
M1449,P_ALEX_001,Alex_Main,2026-07-29 17:05,Valorant,Icebox,LOSS,8,16,2,1411,114,7,29,2,Operator
M1450,P_ALEX_001,Alex_Main,2026-09-04 05:05,PUBG,Vikendi,WIN,15,13,3,1999,186,1,56,5,UMP45
M1451,P_AIM_003,AimBot_99,2026-09-25 20:05,PUBG,Erangel,WIN,34,14,5,4318,457,1,49,16,Beryl M762
M1452,P_ALEX_001,Alex_Main,2026-08-12 15:05,Valorant,Ascent,WIN,9,7,7,1655,142,3,37,2,Sheriff
M1453,P_JETT_002,Jett_TTV,2026-07-22 10:05,Apex Legends,Broken Moon,LOSS,19,23,8,4191,285,82,20,5,Peacekeeper
M1454,P_AIM_003,AimBot_99,2026-06-13 03:05,Fortnite,Zero Build,WIN,23,9,3,4728,377,1,42,8,Tactical Shotgun
M1455,P_ALEX_001,Alex_Main,2026-07-11 07:05,Valorant,Lotus,LOSS,10,21,0,1384,115,7,42,3,Judge
M1456,P_JETT_002,Jett_TTV,2026-06-28 10:05,CS2,Mirage,DRAW,15,17,0,2184,179,6,27,7,AWP
M1457,P_JETT_002,Jett_TTV,2026-06-30 03:05,CS2,Overpass,LOSS,8,17,4,1278,95,8,36,2,M4A4
M1458,P_AIM_003,AimBot_99,2026-06-09 08:05,Valorant,Bind,WIN,17,13,0,2351,208,1,22,2,Sheriff
M1459,P_ALEX_001,Alex_Main,2026-09-06 12:05,Apex Legends,Broken Moon,LOSS,7,17,5,1520,98,74,12,1,Flatline
M1460,P_AIM_003,AimBot_99,2026-08-13 14:05,PUBG,Erangel,WIN,36,14,3,4377,492,1,42,9,UMP45
M1461,P_AIM_003,AimBot_99,2026-06-24 03:05,CS2,Dust II,WIN,24,20,2,3510,370,4,42,7,AWP
M1462,P_ALEX_001,Alex_Main,2026-06-26 04:05,Apex Legends,Olympus,WIN,11,16,11,2622,256,1,45,3,R-301
M1463,P_JETT_002,Jett_TTV,2026-07-12 15:05,CS2,Inferno,WIN,17,19,5,2907,230,5,17,6,AK-47
M1464,P_JETT_002,Jett_TTV,2026-08-04 14:05,Valorant,Haven,WIN,15,14,5,2402,246,5,19,2,Vandal
M1465,P_NOOB_004,CasualGamer,2026-08-11 09:05,Apex Legends,World's Edge,LOSS,11,32,9,2696,167,79,30,1,Kraber
M1466,P_NOOB_004,CasualGamer,2026-08-08 11:05,Apex Legends,Broken Moon,LOSS,18,14,7,3917,268,4,22,6,Flatline
M1467,P_AIM_003,AimBot_99,2026-08-31 07:05,Valorant,Bind,LOSS,32,21,4,4816,400,2,50,5,Judge
M1468,P_ALEX_001,Alex_Main,2026-07-24 14:05,CS2,Inferno,LOSS,12,14,7,2074,150,10,41,4,AWP
M1469,P_ALEX_001,Alex_Main,2026-09-27 10:05,Fortnite,Battle Royale,LOSS,11,6,7,2441,177,16,43,4,Tactical Shotgun
M1470,P_ALEX_001,Alex_Main,2026-07-22 18:05,CS2,Nuke,LOSS,14,15,2,2026,154,10,14,6,AK-47
M1471,P_AIM_003,AimBot_99,2026-07-07 10:05,Valorant,Bind,LOSS,11,6,6,1848,135,2,35,2,Sheriff
M1472,P_AIM_003,AimBot_99,2026-06-30 20:05,CS2,Vertigo,WIN,19,16,3,3095,333,3,41,4,AWP
M1473,P_JETT_002,Jett_TTV,2026-09-18 15:05,CS2,Mirage,WIN,25,11,8,4064,338,1,42,5,M4A4
M1474,P_ALEX_001,Alex_Main,2026-08-16 10:05,PUBG,Miramar,WIN,27,12,5,3278,339,1,32,5,Beryl M762
M1475,P_JETT_002,Jett_TTV,2026-06-15 10:05,Valorant,Split,LOSS,14,3,11,2696,204,3,40,7,Operator
M1476,P_ALEX_001,Alex_Main,2026-08-09 09:05,CS2,Ancient,WIN,20,12,5,3123,248,3,31,7,Desert Eagle
M1477,P_JETT_002,Jett_TTV,2026-07-29 23:05,CS2,Anubis,WIN,18,1,0,2430,217,3,37,6,Desert Eagle
M1478,P_ALEX_001,Alex_Main,2026-07-25 10:05,CS2,Nuke,WIN,37,5,6,5698,541,3,28,17,M4A4
M1479,P_ALEX_001,Alex_Main,2026-07-31 16:05,PUBG,Taego,WIN,23,19,10,3178,313,1,10,4,Kar98k
M1480,P_ALEX_001,Alex_Main,2026-08-15 07:05,Valorant,Ascent,LOSS,15,19,6,2412,179,5,22,5,Judge
M1481,P_ALEX_001,Alex_Main,2026-06-19 20:05,Fortnite,Battle Royale,WIN,9,17,8,2122,208,1,37,1,Sniper Rifle
M1482,P_ALEX_001,Alex_Main,2026-08-18 13:05,CS2,Vertigo,LOSS,4,9,2,703,53,9,44,0,M4A4
M1483,P_JETT_002,Jett_TTV,2026-07-03 08:05,CS2,Dust II,WIN,17,14,3,2610,230,1,31,6,Desert Eagle
M1484,P_ALEX_001,Alex_Main,2026-07-21 07:05,Valorant,Bind,LOSS,10,14,2,1600,138,7,35,2,Judge
M1485,P_ALEX_001,Alex_Main,2026-09-03 20:05,Valorant,Pearl,LOSS,6,8,8,1297,86,5,35,2,Vandal
M1486,P_JETT_002,Jett_TTV,2026-07-30 11:05,CS2,Nuke,WIN,11,24,14,2303,164,5,37,4,AWP
M1487,P_JETT_002,Jett_TTV,2026-07-23 12:05,PUBG,Erangel,LOSS,8,20,5,1455,112,11,32,2,UMP45
M1488,P_JETT_002,Jett_TTV,2026-07-20 22:05,Valorant,Ascent,WIN,27,13,0,3843,348,2,35,11,Operator
M1489,P_AIM_003,AimBot_99,2026-06-30 11:05,Valorant,Breeze,WIN,31,11,7,4784,523,1,37,5,Judge
M1490,P_JETT_002,Jett_TTV,2026-07-19 22:05,CS2,Vertigo,DRAW,15,16,8,2425,176,5,20,4,AWP
M1491,P_AIM_003,AimBot_99,2026-07-16 06:05,CS2,Inferno,WIN,34,1,13,5426,489,3,41,12,AWP
M1492,P_AIM_003,AimBot_99,2026-08-03 19:05,Valorant,Bind,WIN,21,9,4,3097,311,3,28,5,Phantom
M1493,P_JETT_002,Jett_TTV,2026-06-26 17:05,PUBG,Erangel,WIN,9,10,3,1261,119,1,41,4,Kar98k
M1494,P_JETT_002,Jett_TTV,2026-06-23 16:05,Fortnite,Arena,WIN,26,8,7,5622,562,1,46,10,Sniper Rifle
M1495,P_ALEX_001,Alex_Main,2026-08-12 21:05,PUBG,Erangel,WIN,19,13,4,2669,272,1,34,3,M416
M1496,P_AIM_003,AimBot_99,2026-06-28 23:05,Valorant,Icebox,LOSS,13,22,8,2237,171,10,26,3,Judge
M1497,P_JETT_002,Jett_TTV,2026-08-26 21:05,Apex Legends,World's Edge,LOSS,14,18,8,3149,213,42,40,3,Kraber
M1498,P_ALEX_001,Alex_Main,2026-06-10 14:05,Apex Legends,Storm Point,LOSS,9,11,7,2026,141,51,42,1,R-301
M1499,P_JETT_002,Jett_TTV,2026-09-12 04:05,Fortnite,Zero Build,LOSS,6,18,3,1470,96,11,52,1,Tactical Shotgun
